Department,Sentiment,Emotions,Summary
Product,negative,"disappointment, surprise, confusion","maternity top, not suitable for summer"
Product,negative,"frustration, disappointment, dissatisfaction, annoyance, dissatisfaction","sizing issue with bodice and skirt, flaws visible, long torso"
Product,negative,"comfortable, flattering, cheap, pilled, worn, faded","cheap and low-quality shirt, fades and pills after washing"
Product,positive,"love, feel, looking forward, trips","true to size, accurate color, love the feel, weightier knit"
Product,positive,"beautiful, favorite, attractive, love","effortlessly beautiful design, favorite pajama, feel attractive again"
Product,positive,"flattering, adore, vibrant, beautiful, small","vibrant raspberry colored top, flattering shape, small eyelets"
Product,negative,"delicate, frayed, torn, return","delicate fabric, frayed cutouts, torn, had to return"
Product,negative,"small, fitted, hot, returning, another","small cut, fitted on hips and rear, polyester is hot, returning for another brand"
Product,positive,"love, favorite, perfect","favorite everyday jean, perfect fit and durability"
nan,nan,nan,nan
Product,positive,"desperate, nicely, pretty, feminine, happy, fun","swim cover with embroidery detail, feminine and fun."
Product,negative,"disappointment, dissatisfaction","thin, see through fabric, returning"
Product,positive,"adorable, perfect, stretch, can't wait, sells out","adorable dress, true to size, stretchy denim, winter outfit"
Product,negative,"frustration, disappointment, confusion, dissatisfaction, concern","dress sizing issue, not suitable for different body types."
Product,positive,"flattering, nice, soft, stretchy, depth","soft stretchy material, flattering and nice cut"
Product,positive,"flattering, maintained, perfect, tempted","maintained shape, perfect ankle length"
Product,positive,"satisfied, interested, uncertain, disappointed, hopeful","different style with slits on the side, brighter gold color, wish for more bold color choices."
Product,positive,"love, perfect, beautiful, forgiving","fitted bodice, forgiving bottom, beautiful dark green color"
Product,positive,"happy, satisfied, surprised, impressed, excited","perfect fit, beautiful color, wore it to dinner"
Product,positive,"cute, perfect, eye-catching, transitional, hanging","cute sweater, perfect for transitional weather, eye-catching yellow color"
nan,nan,nan,nan
Product,negative,"disappointment, frustration, hopefulness, excitement, satisfaction","sizing issue, returning for smaller size"
Product,negative,"disappointment, frustration, dissatisfaction, caution, concern","poor quality and sizing, odd cuff placement, not recommended"
Product,positive,"comfortable, stretchy, puckering, love, great","comfortable and stretchy, slight puckering but overall great design"
nan,nan,nan,nan
"Marketing, Product",positive,"beautiful, flattering, compliments","beautiful, flattering dress, received many compliments"
Product,positive,"adore, fun, swingy, light, perfect, love, recommend","well made and well fit tshirt, fun little addition, perfect length, love the colors"
Product,positive,"fun, cool, intentional, reference, bought","vintage dress, tts fit, intentional roomy hips, size 8"
Product,positive,"love, comfortable, versatile, perfect, complaint, minor, well, comfortable, showing, mindful","comfortable and versatile dress, minor complaint about tulip skirt"
Product,positive,"pretty, fabulous, great, tall, long enough","pretty dress, fabulous in hot weather, great fit, bit pricey"
Product,positive,"love, fine, not sheer, compliments","blue dress, pear shape, top fit fine, cotton lining, compliments"
Product,positive,"love, cute, great, fits perfectly, works","great quality, fits perfectly, works"
Product,positive,"love, beautiful, cozy, snug, roomier","versatile cardigan, beautiful colors, light weight, snug sleeves"
Product,positive,"nicely made, compliments, love","light sweater, looks great with jeans"
Product,positive,"versatile, delicate, durable, recommend","versatile hooded sweater top, delicate and durable, would recommend."
Product,positive,"liked, cute, better options, true, flattering","cute top, true to size, flattering neckline"
nan,nan,nan,nan
Product,negative,"disappointment, awkward, weird, liked, warm","dress fit and material disappointment, neck area awkward"
Inventory,positive,"loved, tried, needed, kept","out of stock, tried other sizes, needed small size"
Product,positive,"love, amazing, cool","fits amazing, too cool"
Product,positive,"love, cute","dress in green, runs large, super cute"
"Inventory, Product",positive,"wanted, sold out, cute, nicer, odd, perfect, stretch, heartbeat","dark grey sold out, navy is cute and nicer, perfect fit"
Product,positive,"dreamy, soft, evocative, perfect, ordered","soft and dreamy pajama pants, perfect length, ordered for sister"
Product,positive,"soft, buttery, good, go-to, bothers","soft and buttery shirt, good go-to option, slight issue with arm holes"
Product,positive,"amazing, soft, cozy, favorite",soft and cozy jacket with a favorite hood.
"Marketing, Product",positive,"love, cute, fun, flattering, need","cute top, fun colors, flattering cut, need to get before it sells out"
Product,positive,"confusion, disappointment, acceptance, indifference, curiosity","color difference, cardigan style oversized"
Product,negative,"disappointment, frustration, dissatisfaction, surprise, confusion","dress sizing and quality issues, threads unraveling"
Product,positive,"surprised, satisfied, impressed, content, pleased","good quality, comfortable, adds volume, long, flare"
Product,positive,"love, comfortable, amazing, dressing up, dressing down",comfortable and versatile skirt with amazing colors.
Product,negative,"disappointment, frustration, hopefulness, determination, satisfaction","dress too big, will exchange for smaller size"
Product,negative,"love, laid back, soft, comfy, substantial, dress up, dress down, shrunk","shirt shrunk after washing, not wearable anymore"
Product,negative,"okay, great, thin, see through, strange","material is extremely thin and see through, not worth paying full price"
Product,negative,"disappointed, like, nice, stretched, try","pants stretched out, disappointed, try exchanging for smaller size."
Product,negative,"disappointment, dissatisfaction",fabric quality is poor
Product,positive,"great, simplistic, casual, dream, nice","great top, simplistic, casual, nice fabric, nice drape"
Product,positive,"flattering, sold, great","flattering cut, great shirts"
Product,positive,"great, comfortable, quality, nice, evening","great dress, comfortable, high quality, versatile for day and evening."
Product,negative,"love, off, gaps, flat, high","design and fabric good, fit issues with bust and waist"
Product,positive,"comfortable, love","soft and light, great with midi skirts and culottes"
Product,positive,"beautiful, flattering, agree, wrinkles, fits","fitted and flowy shirt, beautiful color, wrinkles easily"
Product,positive,"great, flattering, bohemian, silk","great flattering bohemian dress, silk"
Product,positive,"love, winner, flattering, perfect, comfortable","lightweight, comfortable, standout piece for the summer time"
Product,negative,"confused, springy, cute, missed the mark","heavy fabric, not lined, not soft, missed the mark"
Product,positive,"flattering, fitted, room, low cut, picture","wide strap style flattering, fitted tank in cobalt blue color."
Product,negative,"disappointment, frustration, hope, confusion, dissatisfaction","sizing issue, hope smaller size will fit"
Product,positive,"beautiful, soft, perfect, fall, weather","beautiful blend of colors, soft texture, perfect for fall weather"
Product,positive,"beautiful, simple, feminine, tight, busty","beautiful, simple, feminine top, tight in bust, size up"
Product,negative,"disappointed, unimpressed, indifferent, dissatisfied, underwhelmed","shirt lacks shape, fabric is see through, overall unexciting."
Product,positive,"beautiful, wonderful, dramatic, like, annoy, heavy, thick, soft, nicely, complements, simple, stand","beautiful sweater, dramatic sleeves, heavy thick soft yarn, stand"
Product,positive,"stunning, detailed, oversized, bohemian, light, airy, dreamy, beautiful, roomy, long","oversized kimono with stunning embroidery, perfect for shorter gals."
Product,positive,"comfortable, perfect, beautiful","comfortable bra, perfect for lounging, beautiful orange color"
Product,positive,"excited, great, professional, teach",feels professional enough for me to teach
nan,nan,nan,nan
"Marketing, Product",positive,"compliment, sparkle, shine, flattering, tastefully","perfect holiday dress, compliments body shape, sparkles and shines"
Product,negative,"loved, sold out, quality, small","product, run small, sold out in larger size"
Product,negative,"disappointment, frustration, dissatisfaction, annoyance, regret","shrinkage issue, not suitable for tall individuals"
nan,nan,nan,nan
Product,negative,"preference, disappointment, uncertainty, dissatisfaction, indifference","maternity top, black preferred, p2 fit, not for me."
Product,negative,"chance, love, exposed, bummer",material feels flimsy for the price point
Product,positive,"cozy, form fitting, roomy, perfect, thin, drapes well, won't be too warm","cozy sweater dress, roomy fit, thin fabric, drapes well"
Product,positive,"love, expensive, worth it, itchy, sensitive","hand knit sweater, expensive but worth it, itchy for sensitive skin"
Product,positive,"cute, flattering, different, wearable, sheer","cute and flattering design, different and wearable, sheer white option"
Product,negative,"beautiful, complaint, pilling/shedding, hope, fabric looks","sweater pilling/shedding, fabric looks after washing"
nan,nan,nan,nan
Product,negative,"disappointment, frustration, dissatisfaction, regret, annoyance","short sweater, unfitting, returned, not as pictured, disappointment"
Product,positive,"great, flow, spring, color, short waisted, fit wonderfully, long waisted, issue","great flow and spring color, short waisted and fit wonderfully"
Product,positive,"love, amazing, great, active, lifestyle",stretchy leggings for active lifestyle
Product,negative,"loved, frayed, apart, body, wore, fit, seam, flattering, comfortable, durable, typical, denim, knit","fabric not durable, frayed apart, comfortable and flattering"
Product,positive,"great, lightweight, warm, gorgeous, fitted, fullness, length, small, short waisted, dress","great lightweight coat, sizing runs small and short waisted"
Product,negative,"disappointment, frustration, hope, satisfaction, relief","inaccurate fabric content, easy return process"
Product,positive,"satisfied, excited, content, comfortable, happy","soft and comfortable fabric, versatile for casual and work events."
"Marketing, Product",positive,"elegant, comfortable, shy, excited, determined","elegant lace dress, perfect for a sunset dinner in Provence."
Product,positive,"amazing, quality, warm, ok","amazing quality, warm, ok"
Product,positive,"loved, beautiful, snug, cute, tight","beautiful dress, snug fit, order size up"
"Marketing, Product",positive,"surprised, must, gorgeous, stunning, quality","must-have dress for holidays and special occasions, beautifully made."
Product,positive,"love, great, comfortable, compliments, roomy","comfortable dress, received compliments, roomy in the top."
Product,positive,"versatile, cute, perfect, steal","versatile and cute dress, perfect fit, steal at sale price"
"Marketing, Sales",positive,"excitement, satisfaction, contentment, anticipation, happiness","soft tunic, versatile, buying more colors when on sale."
Product,positive,"recommendation, reference, try on, recommend, small","sizing recommendation for larger cup sizes, try on in store."
Product,positive,"flattering, love, adorable, interesting, textured","flattering fit, interesting artsy top, textured fabric"
Product,positive,"love, good, tight, wish","aqua print, japanese, quality good, size up, more colors"
Product,positive,"dreamy, divine, gorgeous, feminine, itchy","dreamy colors, leather trim, feminine look, itchy fabric"
Product,positive,"comfortable, great, like, throw on, go","comfortable, great color & fabric, easy to wear"
Product,positive,"cool, loved, sophisticated, nice, flattering","cool leggings, sophisticated outfit, soft fabric, flattering fit"
Product,negative,"disappointed, unimpressed, hopeful, undecided, indifferent","armholes too big, black pattern not special, swingy feel, consider on sale."
Product,positive,"love, know, wearing, today, down","embroidery is navy blue, size down"
Product,negative,"disappointed, hesitant, curious, hopeful, unsure","thin and light-colored denim, cute shape, butt-flattening effect"
Product,positive,"flattering, good, worn, fits well, curvy figure, wish, more colors, show flaws slightly, stretchy","good design, fits well, wish it came in more colors"
Product,negative,"cute, love, itchy, fan, nice, feminine","cute cardigan, itchy material, wide edges, nice color, feminine"
Product,positive,"soft, warm, gorgeous, beautiful, perfect","soft, warm skirt with beautiful colors, perfect for spring"
Product,negative,"disappointment, frustration, dissatisfaction, regret, annoyance","dress runs large, sleeves are not as pictured, returning"
Product,positive,"loved, purchased","pale green sweater, purchased in another color"
Product,positive,"caution, snug, great, dressed up, dressed down","high quality, caution about tight top, versatile for pregnancy and post-partum."
Product,negative,"mistake, love, help","huge, quality, design, sized down two sizes"
Product,positive,"comfortable, cute, versatile","comfortable and cute, versatile colors"
Product,negative,"disappointment, frustration, hope, dissatisfaction, regret","sizing issue, not like previous purchase, disappointment in fit"
Product,positive,"pretty, tts, long, extra length, light weight, comfortable, love","pretty pajamas, tts, long, light weight, comfortable, love the print"
Product,positive,"loved, great, cant go wrong, purchase","great quality, looks great, cant go wrong with this purchase"
Product,negative,"unflattering, chic, right, short, curvy","high-waisted belts, fit, returning"
Product,positive,"flattering, love, perfect, lovely, wish","navy dress, flattering crisscross, stretchy fabric, perfect fit"
Product,positive,"love, happy","beautiful, comfortable, breathable"
Product,positive,"excited, satisfied, surprised, happy, content","nice pants, great fabric, perfect fit, excited to wear"
Product,positive,"love, feminine, casual",feminine look with casual style
Product,positive,"comfortable, lightweight, soft, stretchy, beautiful","comfortable, lightweight joggers with soft and stretchy fabric"
Product,negative,"interesting, good, easy, fine, dull","fit and design interesting, color scheme dull"
Product,positive,"comfortable, flattering, simplicity, wearable, cute",comfortable and flattering summer top with a cute twist.
Product,positive,"liked, big",dress ran too big
Product,positive,"happy, loose, solves, high-rise, long","waist a bit loose, high-rise, solves with drawstring tie"
Product,positive,"cute, good, rough, scratchy",fabric is a little rough and scratchy
Product,negative,"disappointment, frustration, regret, dissatisfaction, annoyance","size issue, sold out"
Product,positive,"excited, happy, standard, high quality","light blue summer jacket, high quality, standard fit"
Product,negative,"cute, smaller chested","maternity top, suited for someone smaller chested"
Product,positive,"loved, beautiful, can't wait","shorter than pictured, size runs large, beautiful color"
Product,positive,"hopeful, happy, stumped, puzzled, cozy","stretchy, warm, cozy sweater, sheds"
Product,positive,"wonderful, warm, cozy, cute, love","warm and cozy and cute, love them"
Product,positive,"beautiful, spectacular, great, justice, soft","beautiful dress, fitted top, flares bottom, soft denim, sparkly belt"
Product,positive,"happy, soft, perfect, often","super soft, perfect for fall season"
nan,nan,nan,nan
Product,positive,"cute, stretch, throughout the day","cute top, stretches throughout the day"
Product,positive,"pleased, perfect, soft-looking, true, enough","true to size, elasticized waistband, floor-length, as pictured"
Product,negative,"disappointment, frustration, dissatisfaction, resignation, annoyance",tank is nice quality but too short and boxy
Product,negative,"loved, flattering, lost, unfortunately, sold out","green color, flattering cut, petite size sold out"
Product,positive,"like, great, perfect, best","frayed ankle looks great, length is perfect, runs one size small"
Product,positive,"perfect, flattering, well made, lightweight, well thought out",well made lightweight sweater with flattering neckline and ribbing detail
Product,positive,"happy, hopeful","high quality cropped trouser, happy with purchase."
Product,positive,"surprised, happy","thin but works, super cute, happy with purchase"
Product,positive,"unsure, disappointed, hopeful, satisfied, curious","size 8 shirt, sheer and flowy, needs tank or cami underneath."
Product,positive,"liked, prefered, cute, comfy, didn't find","pink color, sequins, comfy, leggings, boots, high heels"
Product,positive,"cute, love, dress up, dress down, waiting","cute shirt for spring, colored striping, dress up or down"
Product,negative,"disappointed, frustrated, dissatisfied, regretful, hopeful","sweater dress not flattering for hourglass figure, quality is good"
Product,negative,"frustration, disappointment, dissatisfaction, annoyance, dissatisfaction",sizing issue in bust and shoulder area
Product,positive,"soft, airy, great, terrible, more","soft and airy dress, great color, arm holes slightly low"
Product,negative,"disappointment, frustration, dissatisfaction, regret, skepticism","fit issues, fabric quality, elasticity, high price"
Product,positive,"good, felt, perfect, happier","navy dress, white crochet sweater, perfect dress for mother of the groom."
Product,positive,"unique, gorgeous, great, ethnic/bohemian beauty, femininity, delicate, well worth it",unique and gorgeous top with ethnic/bohemian beauty and femininity. Delicate but well worth it.
Product,positive,"perfect, flowy, beautiful, gorgeous, compliments","perfect for fall, flowy with beautiful embroidery, received compliments"
Product,negative,"dumpy, slender, pounds, squat, miss","pants make me look dumpy, miss for me"
Product,positive,"stylish, classic, quirky, flattering","stylish blouse with classic and quirky features, flattering fit"
Product,negative,"curious, gorgeous, problem, love, long, larger, loved, wish","too much fabric, long, slim hips, wish it worked"
Product,negative,"nice, soft, high quality, solid, pretty, flattering","dress with too much draping, not flattering for my figure."
Product,positive,"flattering, boxy, perfect, great","jacket is flattering, runs large, fits perfect, looks great"
Product,negative,"love, flattering, disappointing, inaccurate",inaccurate color description
Product,negative,"frustration, disappointment, annoyance, dissatisfaction, regret","shorts with cute pattern and pockets, but too short and small, zipper issues"
Product,negative,"misleading, tight, need, shrinkage, extra","misleading picture, tight arm holes, need smaller size, too much fabric"
"Product, Inventory",positive,"cute, great, many things, out of stock, blue color","cute top, great fit, out of stock in blue color"
Product,positive,"perfection, effortless, cool, vibrant, gorgeous","vibrant colors, true to size, room to layer"
Product,positive,"favorite, well, versatile, soft, well made","good quality, versatile piece, more colors needed"
Product,positive,"dream, appreciate, favorites, cute, easily","large, comfy, sexy swing tee, can be worn with boots and jacket"
Product,positive,"cute, unique, frequent, small","cute top, unique, wear frequently, runs small"
Product,positive,"love, flow","length, flow"
Product,negative,"disappointment, frustration, dissatisfaction, sadness, regret","poor cutting, tent-like shape, sad prisoner in stripes"
Product,positive,"beautiful, flatters, slimming, shocked, well made","well-made dress that flatters and slims, perfect for petite figures."
Product,positive,"unusual, lovely, nice, transitional, worn","thick fabric, unusual details, nice choice for transitional weather"
Product,negative,"funny, adorable, return","cropped top, lining is adorable, considering returning it"
Product,positive,"awesome, worried, pretty, well made, want more","well-made bra, pretty lace, want more colors"
Product,positive,"happy, satisfied, excited, pleased, content","high-quality dress, beautiful colors, perfect fit"
Product,negative,"disappointment, frustration, dissatisfaction, regret, annoyance","jacket size too large, had to return it"
Product,positive,"agree, love, looking forward, nice, neutral","grey color, well into fall/winter"
Product,positive,"loved, pleased, slight issue, better, bright","fabric is sheer, stitching is neon pin"
Product,positive,"love, elegance, stunning, favorites, right person","dress with necklace and cardigan, needs altering, stunning on right person"
Product,positive,"stunning, well made, great, tricky, reference","stunning dress, well made, tricky fit, try in store."
Product,positive,"soft, light, airy, great, cute","soft color, light material, feels great, cute flamingos"
Product,positive,"beautiful, drawn, closer, creamy, delicate",beautiful dress with detailed embroidery and lace trim.
Product,negative,"disappointed, well done","length and hanging issue, disappointed with the product."
Product,positive,"nervous, disappointed, flattering, forgiving, thin, light, airy","thin, light, airy, flattering, forgiving"
"Sales, Product",positive,"beautiful, love, modern, 70's vibe, encouraged","salesperson encouraged me to try beautiful blouse, modern 70's vibe"
Product,positive,"satisfied, happy, relieved, content, grateful","well-fitting shorts, good quality, versatile for different outfits."
Product,negative,"disappointed, unflattering, perfect, gorgeous, great","dress not fitted, print and quality are gorgeous, high neckline unflattering"
Product,positive,"love, beautiful, good, compliment, spring","beautiful dress, true to size, many compliments"
Product,positive,"attention, returned, gorgeous, sorry, worth",style and fabric
Product,positive,"soft, pretty, quality, fit, bother","soft, pretty sleeve detail, quality and fit as expected"
Product,positive,"love, beautiful, flattering, perfect, great","beautiful soft fabric, flattering, perfect length, great with shorts, pants or a long skirt"
Product,negative,"dissatisfaction, frustration, disappointment, annoyance, dissatisfaction","sizing issue, fabric quality, not recommended for curvy, athletic build"
Product,negative,"disappointment, surprise, confusion","dress sequins are dark blue, not silver/gold as expected."
Product,positive,"cute, tried","cute top, daughter tried"
Product,positive,"sexy, small, exchanged, large","suit runs small, exchanged for a large"
Product,positive,"happy, satisfied","nice feminine pattern, thick fabric, great pockets, small fits nicely"
Product,positive,"satisfied, happy, confident, content, excited","true-to-size, comfortable, durable, will buy again"
Product,positive,"loved, amazing, fit, recommend, sad","fabric amazing, fit loved, recommend shirt, sad couldn't"
Product,positive,"lovely, beautiful, perfect, lovely","beautiful material, ruffled hem, perfect fit, lovely blue dress"
Product,negative,"cute, short, high, adorable, comfortable","dress too short and flares dramatically, not like the model."
Product,positive,"excited, happy","colorful top in petite sizes, fits perfectly, happy with this find"
Product,positive,"love, great, beautiful, comfy, warm","great quality sweater dress, beautiful color, comfy and warm."
Product,negative,"uncomfortable, disappointed, wanted to love, need to return","dress design not flattering, need to return"
Product,negative,"smitten, limited, snug","limited in length, snug fit"
Product,positive,"love, amazing, fun, perfect, plenty","stretchy, large size, amazing fit, knee-skimmer, green color, pockets, button fly"
Product,positive,"surprised, satisfied, impressed, content, happy","good quality material, great for leggings or skinny jeans."
Product,negative,"frustration, disappointment","sizing issue, returning"
Product,negative,"ok, so-so, fragile, romantic, contrast","fragile fabric, ok fit, so-so color, romantic ruffle"
Product,positive,"surprise, satisfaction, curiosity, anticipation, trust","dress runs big, size down, great weight for mild winter weather"
Product,positive,"lovely, great, touch large, maybe size down","waistband runs large, size down"
Product,positive,"comfortable, love, classy, casual","stretchy fabric, snaps on waistband, comfortable, classy casual."
Product,positive,"beautiful, excited, can't wait, start wearing","versatile sweater/coat, excited to wear it"
Product,negative,"disappointment, frustration, dissatisfaction, annoyance, dissatisfaction","shirt sizing issue, sleeves too long"
Product,positive,"perfect, light, super soft, great, liked","light lilac tone, fabric is light and super soft"
Product,negative,disappointed,color bleeding issue with the top
Product,positive,"love, elegant, complaint, nice","great length, 3/4 bell sleeves, stitching could be better"
Product,negative,"disappointment, frustration, dissatisfaction, hopefulness, uncertainty","dress not flattering, shapeless, low back, not suitable for curvy figure"
Product,positive,"love, hate","slim pant, love it, fits like a glove, no bagging after wear"
Product,negative,"small, chested, large, cute","sizing issue in the chest, cute design."
Product,positive,"pleased, lovely, good, silky","good fit, lovely print, silky fabric"
Product,negative,"sad, disappointed","thin fabric, shows every lump and bump"
Product,positive,"cute, love, great, fit, short","cute top, runs big, fits well, versatile with different bottoms"
"Marketing, Sales",positive,"pretty, easy, soft, gorgeous, surprised","pretty top, soft material, gorgeous back, great purchase on retailer weekend"
Product,negative,"disappointed, pass",dress design is reminiscent of 90s nightgowns
Product,positive,"love, comfortable, perfect, happy, wish","comfortable and perfect shorts, wish for more color options"
Product,negative,"frustration, disappointment, dissatisfaction, annoyance, confusion","sizing issue with jumpsuit, pants start too high, gathering creates unwanted pooch"
Product,positive,"fun, comfortable, cool, nice",embroidered and beaded detail is quite nice
Product,negative,"worried, lost, stretched out, sagged, giving up","dress quality issue, worried about shape and fit"
Product,negative,"loved, billowy, larger, pregnant","shirt look loved, billowy under chest, larger, pregnant."
Product,positive,"flattering, comfortable, wonderful, fun, favorite","flattering and comfortable dress, perfect for work and fun."
Product,positive,"comfortable, put-together, cute, slimming, like","comfortable and cute top, slimming for large bust."
Product,positive,"love, comfortable, warm, dressy, casual","comfortable, warm, dressy yet casual dress"
Product,positive,"great, comfortable, well made, whimsy","great top for spring and summer, comfortable and well made."
Product,positive,"lovely, cool, gorgeous","lovely dress with cool slits, gorgeous fabric, too long for shorter people"
Product,negative,"complain, mind, thick, well, short","dress is ""bell"" shaped, fabric doesn't lay well, shorter than expected, good quality"
product,positive,"love, nice, great, snug, stretched","leggings fit well, love the print and bought more."
Product,positive,"lovely, fun, beautiful, issue, tad","lovely jacket, fun take on blazer, beautiful ruffle pocket-detail"
Product,negative,"disappointed, frustrated, regretful, dissatisfied, sad","sizing issue, unflattering fit, returned"
Product,positive,"flattering, fun, comfortable, vibrant, light","flattering, fun, vibrant colors, comfortable fabric, runs large"
Product,positive,"cute, interesting, comfortable, flowy","cute design, interesting back feature, comfortable and flowy."
Product,negative,"unsure, disappointed, frustrated, dissatisfied, concerned","sizing issue, uncomfortable fit, camel toe problem"
Product,negative,"frustration, confusion, disappointment, dissatisfaction, surprise","dress sizing issue, not suitable for average body shape"
Product,negative,"disappointed, like, overpriced","overpriced, disappointed, quality not great, color is good"
Product,negative,"disappointment, frustration, discomfort","itchy, uncomfortable, puffy sleeves, metallic thread, lace"
Product,negative,"big, cute, maternity","shirt is big, could be cute as maternity shirt"
Product,negative,"disappointing, highest hopes, beautifully designed, comfortably, crisp","sheer shirt, disappointing, highest hopes for crisp white shirt"
Product,positive,"loved, looking for, concern, recommend, compliments","lightweight jacket, soft and versatile, received compliments"
Product,positive,"surprised, beautiful, comfortable, flattering, compliments","beautiful dress, comfortable and flattering, received many compliments"
Product,positive,"beautiful, soft, lovely, easy, fits","beautiful sweater, soft, lovely color, easy to wear, fits"
Product,positive,"cute, flattering","cute and flattering raspberry clothing, paired with dark gray tank"
Product,positive,"perfect, cute, different","flowier top for layering, cute peplum detail."
Product,positive,"concerned, beautiful, rich, ordinary, lined","beautiful blue velvet dress, lined, rich-looking material"
Product,positive,"amazing, great, cute, well-made, perfect","well-made pants with a gorgeous pattern, perfect sizing"
Product,positive,"flattering, comfortable, perfect, spring, dressed up, dressed down","flattering and comfortable dress for spring, versatile for different occasions."
Product,negative,"disappointed, frustrated, indifferent, satisfied, unsure","pilcro made tighter waist due to complaints, fit and quality are good"
Product,positive,"happy, well made, light, comfortable, tastefully done, great, rare finds, dressed up, dressed down, across seasons, spring, shrinking","well made dress, versatile for different seasons, may shrink when washed"
Product,positive,"amazing, great, quality, fits, wonderfully","great quality dress, fits wonderfully, transition between seasons"
Product,negative,"love, happy, significant, older, worn","significant pilling, older, worn"
Product,positive,"pleased, nervous, great, warm, pretty","good fit, warm lining, pretty crowns on birds."
Product,negative,"loved, issue, tight, curvy, problem, ripped, hassle","dress fit perfectly, but difficult to take off, ripped the back"
Product,positive,"cute, flattering, loosen up, quality","cute and flattering, order one size down, good quality."
Product,negative,"strange, cute, small, return, large","suit design issue, small fit, had to return"
Product,negative,"loved, flattering, soft, bummed, holes","holes appeared after washing, fabric quality issue"
Product,positive,"forewarned, lightweight, perfect, gorgeous, wish","lightweight fabric, perfect for summer, gorgeous boho design"
Product,positive,"favorite, flattering, wonderful, skin","favorite romper, flattering, material feels wonderful against skin"
Product,positive,"great, tight, ordinary, love, flattering","neckline needs improvement, overall flattering fit"
Product,positive,"happy, comfortable, versatile, tremendous, win","comfortable, versatile romper, tremendously happy"
Product,positive,"satisfied, impressed, happy, content, pleased","true to size, good quality, versatile for all seasons"
Product,positive,"lucky, torn, layer, rich","moss color is richer, size options available"
Product,positive,"pretty, flowy, love, debating, great","pretty and flowy top, debating on keeping it, great for summer"
Product,positive,"great, perfect, hard, nice, thick","leggings, cold weather, large calves, thick and warm"
Product,negative,"love, favorite, down side, excuse, look","tee shirt with higher neckline and subtle ruffle, developed holes quickly"
Product,positive,"soft, cozy, love","soft and cozy jeans, love them"
Product,positive,"adorable, flattering, correct, perfect","adorable top, flattering style, correct size, perfect fit"
Product,positive,"pleasantly surprised, highly recommend, out there","super soft, high quality, perfect fit for petites"
Product,positive,"cute, great, love","cute, great colors and fit"
Product,negative,"disappointed, dissatisfied, frustrated, regretful, annoyed","beaded shirt, quality seems good, shoulders pleated and puffy, collar floppy"
Product,positive,"beautiful, flattering","dress navy and neutral stripes, fits true to size, knot at hip beautiful and flattering"
nan,nan,nan,nan
Product,positive,"love, okay, flattering, reference, ordered","flattering dress, heavier fabric, good for hourglass figure"
Product,positive,"comfortable, long, expected, everyday, formal","comfortable dress, full skirt, everyday wear"
Product,positive,"love, nervous, hopeful",more tops like this in the fall line
Product,positive,"different, cute, love, beautiful, substantial","cute coral color lining, beautiful drape, soft fabric"
Product,negative,"fence, slinky, loose, large, a-line, over sized, body, intricately, movement, tug, extended","fabric is slinky and loose, sleeves are attached intricately, movement causes tugging"
Product,positive,"anticipation, excitement, satisfaction, happiness, hesitation","flattering and comfy pants, worth the price"
Product,positive,"favorable, liked, lovely, chic","good quality, stays off shoulders, size down, dark navy looks chic"
Product,positive,"quality, design, busty",designers need to consider busty women in their clothing line.
Product,positive,"comfortable, good, heavier, fun, perfect","comfortable and versatile linen pants, reminiscent of old hippie days."
nan,nan,nan,nan
Product,negative,"disappointed, surprised, frustrated, dissatisfied, curious","dress not as expected, fabric is stiff"
Product,positive,"comfortable, nice, snugly, nicer, left behind","pattern on regular fabric, nice colors, comfortable fit, petite length below knee"
Product,positive,"love, lightweight, comfortable, versatile, fun","lightweight, comfortable, versatile sweater, fun piece to wear"
Product,positive,"great, largish, curvier, fitted, long arms, great wrists, sturdy, cheap looking, hand-wash, long time, certain days, more colors, thanks","design, long arms, not cheap looking, hand-wash, more colors"
Product,positive,"happy, cute, great, happy, nice","nice top, dressy and cute, very happy with this purchase"
Product,negative,"disappointed, loved, awkward, alright, cozy","fit and styling disappointed, cozy material for fall season"
Product,positive,"pretty, compliments, comfortable, reccomend","pretty dress, comfortable, highly reccomend"
Product,negative,"disappointment, frustration, dissatisfaction, annoyance, anger",pilcro ankle stet jeans are not as good as they used to be.
Product,negative,"comfortable, liked, issue, flares out oddly, short, opinion, sturdy, long sleeves, proportional, skirt length, horizontal stripes, did not work, regrettably, sent it back","dress flares out oddly and is quite short, skirt length and horizontal stripes did not work"
Product,positive,"love, pretty","pretty details, true to size fit"
Product,negative,"disappointed, sad, weird, sparkly, scratchy","sparkly and scratchy dress, weird slit height, might purchase on sale."
Product,positive,"happy, satisfied, grateful, pleased, content","soft and cuddly robe, petite sizes available, pretty teal color"
Product,negative,"disappointed, cheap","fabric quality is cheap, color is not as expected"
Product,positive,"pretty, gorgeous, comfortable, wish, large chest","pretty sweater, gorgeous detail, comfortable, wish for longer length"
Product,negative,"disappointment, frustration, dissatisfaction, surprise, regret","dress color and length issues, not worth the price tag."
Product,positive,"comfortable, dressy",comfortable and dressy dress
Product,positive,"love, compliments, accommodate, girls","sized up for a better fit, received compliments"
Product,positive,"lovely, comfortable, great, beautiful, figure flattering","comfortable fabric, great cut, figure flattering"
Product,negative,"disappointment, regret, appreciation, satisfaction, admiration","collar area detail is quite nice, but not suitable for post-pregnancy body."
Product,positive,"love, great, quality, accommodate, pregnancy","great quality, accommodates pregnancy"
"Marketing, Sales",positive,"flattering, cute, perfect, hurry, sells out","flattering dress, perfect for summer, hurry before it sells out"
Product,positive,"pleased, elegant, sexy, modest, excited","elegant and sexy dress, form-fitting without being too tight."
Product,positive,"satisfied, happy, content, excited, interested","petite pants in great colors, considering buying more in sale"
Product,negative,"unflattering, versatile, cute, good, flat chested","dress flares out, versatile for many occasions"
Product,negative,"shocked, disappointed, surprised, satisfied, frustrated","well-made fleece-lined jeans, but returning due to lack of fit."
Product,positive,"pretty, great, nice, cute, baggy, shapeless, unsure, better, curvier","pretty dress, petite fit, unsure about shape, better on curvier bod"
nan,nan,nan,nan
Product,negative,"warning, sparkle, cheapens, adorable","sequins on yoke, cheapens dress"
Product,positive,"difficult, versatile, great, work","true-to-size, versatile piece, great for work"
Product,positive,"recommend, adorable, flattering","pinstripes very flattering, recommend"
Product,negative,"mistake, cute, comfy, returned","design not comfy, returned"
Product,positive,"love, great, long, keeping, hemmed","love style, great fit, long, keeping, hemmed"
Product,positive,"sure, big, good, long, not sure","material good quality, size runs large, back is long"
Product,positive,"glad, adorable, striking, wish","lilka pj bottoms with adorable bird print, soft flannel, striking colors"
Product,positive,"flattering, love, complaint, nice, fit, quality","great pair of trousers, flattering, highwaisted, unlined, fit and quality outweigh the one con"
nan,nan,nan,nan
Product,positive,"flattering, loose, swingy, big, fragile","flattering fit, may get a second color"
Product,positive,"comfortable, well made, love, interchangeable","comfortable, well made, love, interchangeable"
Product,negative,"disappointment, frustration, dissatisfaction, concern, skepticism","sizing issue, poor quality, not brand new"
Product,positive,"cute, vintage, perfection, must","cute vintage skirt, soft material, must-have item"
Product,positive,"satisfied, disappointed, cautious, content, interested","loose fit, white streaks, deeper green, 100 percent cotton"
Product,positive,"love, short","clothing too short, but overall love it"
Product,positive,"love, lovely, soft, seams, style","lovely color, soft and raw seam style"
Product,negative,"surprise, laughter, disappointment, confusion, dissatisfaction","heavier material, beautiful beading, true to size, easy return"
Product,negative,"sadly, weird, tight, beauty, gorgeous","sweater design issues, sheer pink color, tight band at bottom"
Product,positive,"loved, cute, great, well made, flattering","well-made, cute blouse, flattering design"
Product,negative,"bulky, shame, well made, comfortable","bulky fabric, well made but uncomfortable"
Product,negative,"happy, disappointed, frustrated, angry, dissatisfied","low-quality pants, pockets unsewn, fabric over-stretched, bottom hem unraveled"
Product,negative,"disappointment, admiration, frustration, satisfaction, regret","dark pink color didn't fit, design was pretty"
Product,positive,"cute, small, great, works","dress design cute, runs small, size 6 works"
Product,positive,"satisfied, surprised, tempted, happy, content","good quality top, tempted to wear it as a dress"
Product,positive,"comfortable, perfect, loved, opportunities, warm","comfortable dress, perfect for fall, loved by daughter"
Product,positive,"caught, eye, tried, simple, well-structured, tight, fits like a glove",well-structured dress with a tight fit
Product,positive,"loved, glad, flattering","material and brand, flattering fit"
Product,positive,"pretty, great, small, large breasted","dress pretty, great quality, slip small for large breasted"
Product,positive,"love, gorgeously done, slimming, soft, warm","sweater knit dress with flare style, gorgeously done pattern placement, soft and warm fabric"
nan,nan,nan,nan
Product,negative,"disappointment, frustration, dissatisfaction, annoyance, surprise","scratchy material, unflattering design, wide appearance"
Product,positive,"prettier, vibrant, perfect","vibrant colors, perfect dress"
Product,positive,"liked, comfortable, loved, great","liked dress, comfortable material, great fit and color"
Product,positive,"love, hopeful","dress look and cut, material thickness, hopeful for more options"
Product,positive,"love, no difference, don't mind, hesitant, prefer","pilcro legging jeans, no difference in fit, stretch creates give"
Product,positive,"fortunate, great, slimming, recommend","great top, slimming, recommend purchase"
Product,positive,"happy, great","looks great on, happy with it"
Product,positive,"stylish, colorful, thin, lightweight, true-to-size","stylish romper, colorful fabric, lightweight, true-to-size"
Product,negative,"disappointment, frustration, concern, dissatisfaction, regret","blouse shrank after washing, expensive hand-me-down for daughter"
Product,positive,"confusion, desire",customer wants to purchase a top
Product,positive,"love, hesitant, comfortable, flattering, warm","comfortable, flattering, warm dress with unique twist"
Product,positive,"love, soft, stylish","easy caftan short dress, soft, stylish"
Product,positive,"cute, comfy, love, flattering, nice","cute and comfy romper, flattering v-neck, perfect for summer"
Product,negative,"disappointment, frustration, dissatisfaction, annoyance, regret","cheap material, cut and pattern worked but cut out pieces exposed bra."
"Marketing, Sales",positive,"loved, fun, recommend, new","promotions, different shirts, whole new look"
Product,positive,"comfort, travel, outdoor activities",extreme comfort for travel and outdoor activities
Product,negative,"frustration, disappointment, dissatisfaction, annoyance, regret","bodice is too small, bottom has too much fabric"
Product,positive,"cute, love, ruffle, large, size down","cute top, ruffle sleeves, size down"
Product,negative,"disappointed, satisfied, indifferent, frustrated, annoyed","colors not as pictured, sizing was right, sleeves too short"
Product,positive,"happy, satisfied","beautiful romper, perfect fit"
Product,positive,"sophisticated, whimsical, well-made, classy, feminine, timeless, love","well-made, classy, feminine, timeless, love"
Product,positive,"hesitant, glad, love, cute, like","fits perfectly, cute cardigan blazer, feels like a cardigan"
Product,positive,"amazement, satisfaction, happiness, surprise, gratitude",attention to detail and craftsmanship are amazing
Product,negative,"scratchy, bulky, bright, overwhelmed","oversized sweater, light-weight, scratchy, bulky neck, bright blue color"
"Product, Inventory",negative,"loved, terrible, bad, great, sold out","neon white dress, fit great, petite sizes sold out"
Product,positive,"lovely, soft, feminine, snug, issue","lovely dress with soft fabric, snug around bodice"
Product,positive,"love, spot on, plenty, fit, without a belt","broad shoulders, royal blue sweater, waist, fit without a belt"
Product,positive,"excitement, satisfaction, anticipation, confidence, contentment","dress fits wonderfully, ready for autumn"
Product,positive,"gorgeous, soft, love, pretty, nice","soft, button detail, sold out, pretty, nice"
Product,positive,"comfortable, soft, flattering, snug, like","soft fabric, flattering fit, many things to like at retailer"
Product,positive,"love, perfect, nice, great, perfect","dress with high low, perfect fit, great quality, on sale"
Product,positive,"love, surprised, delighted, needs, great","dress style and fabric are loved, slight puffiness in shoulders, runs large"
"Sales, Product",positive,"great, comfortable, relaxed, teach, machine washable","great work week pants, comfortable and machine washable"
Product,positive,"best, many, long time, big, flattering",flattering dress for any figure
Product,negative,"uncertain, disappointed, frustrated, hopeful, resigned","sizing issue, not cute, returning to retailer"
Product,positive,"glad, love, feminine, lovely, perfect","feminine and lovely top for women, perfect for those who carry weight in their belly or butt"
Product,positive,"love, comfortable","comfortable top, can be worn alone or under a sweater"
Product,positive,"gorgeous, great, comfy, recommend","dress is gorgeous, colors are great, fabric is comfy"
product,negative,"glad, figure flattering, disappointed","sweater came pilled, disappointed with retailer"
Product,positive,"simplistic, lovely, small, flow, nice","lovely colors, tts, small bust, nice weight, suitable for fall, winter, and early spring."
Product,positive,"love, comfortable, edgy, relaxed",comfortable and stylish joggers with a leather look
Product,positive,"elegant, soft, beautifully finished, two-toned","soft, elegant top with beautifully finished details"
Product,positive,"happy, satisfied, content, pleased, excited","soft modal material, casual dress, fits nicely, slight adjustment needed"
Product,positive,"love, great, perfect, might not work, plan","tunic dress with great material and perfect fit, layer with thin tee, tights, and boots"
Product,negative,"prettier, interesting, too big","colors prettier, interesting than model, too big"
Product,negative,"disappointment, frustration, dissatisfaction, regret, sadness","dress design not suitable for curves, disappointing fit"
Product,negative,"great, flattering, lifts, wear, under","shirt lifts when arms are raised, wear something under"
Product,positive,"comfortable, great, compliments","comfortable material, great fit, many compliments"
Product,positive,"beautiful, soft, lightweight, small, stretch, wish, flaws, made up","beautiful, soft, lightweight pants with small back pocket"
Product,negative,"disappointment, dissatisfaction, frustration, surprise, confusion","thin material, wrong fit, beautiful design"
Product,positive,"love, unique, different, doubt","unique swimsuit with retro look, love the colors and design"
Product,negative,"disappointment, frustration, dissatisfaction, sadness, regret","dress doesn't suit, print is adorable but bright white doesn't work"
Product,positive,"like, fun, bright, interesting, sweet",fun and bright dress with a flowy shape and edgy grommets.
nan,nan,nan,nan
Product,positive,"love, recommend","shirt, undershirt, recommend"
Product,positive,"ecstatic, worried, strongly suggest, completely off","petite size fits perfectly, button is low but it's the style"
Product,positive,"happy, satisfied, excited, pleased, content","soft material, flattering fit, beautiful color"
Product,positive,"cute, great, snug, baggy, soft","cute shorts, sized down, snug around legs, soft and comfortable"
Product,positive,"timeless, special, stunning, gorgeous, luxury","stunning jacket with quilted body, embroidery and beading, and luxurious fur inside."
Product,negative,"disappointment, frustration","sizing issue, not recommended"
Product,positive,"pretty, versatile, fun, available, beat","versatile vest, all seasons, sale price, downside compared to other vest"
Product,positive,"prettier, rich, vibrant, special, perfect","purple top, rich color, sheer bell sleeve, perfect fit"
Product,positive,"fun, cute, soft, good, sheer","fun coloring, soft shirt, good length, slight sheerness"
Product,positive,"love, flattering, great, stopped, asked","great dress, flattering, love it more in real life"
Product,positive,"enjoyed, worried, slimming, flattering, love",slimming and flattering dress with interesting neckline and rolled up sleeves
Product,positive,"love, biased, searching, desire, small","fitted waist, feminine appearance, small size"
Product,positive,"beautiful, unique, cozy, gorgeous",beautiful and unique piece for any fall wardrobe
Product,positive,"unsure, comfortable, appropriate, soft, great","buttery soft dress, appropriate length, comfortable, great fit"
Product,negative,"bulky, boxy, broad shouldered, small shoulders, reminded","bulky top, small shoulders, reminded of sheepskin rug."
Product,positive,"love, brightness, pretty, easy, well","color, buttons, easy pick, work pants, brightness"
Product,positive,"satisfied, happy, content, pleased, confident","perfect color for fall, dressy for work, looks great with jeans"
Product,negative,"stiff, unforgiving, uncomfortable, cling, roll","stiff fabric, uncomfortable fit, returning"
Product,positive,"comfy, flattering, soft, nicely, perfectly","comfy, flattering, soft fabric, fits perfectly"
Product,positive,"beautiful, glad, perfect, slimming, love","beautiful shape, perfect fit, classic dress, feel beautiful and unique"
Product,positive,"incidental, loved, flattering, great, transitioning","easy-going, flattering dress for transitioning seasons"
Product,positive,"hesitant, perfect, fine, soft, stretchy","dress fits great, blouse not too much fabric, skirt soft and stretchy"
Product,positive,"pleasantly surprised, happy, perfect, soft, well","substantial, perfect for fall and spring, soft lining, happy with fit"
Product,positive,"dreamy, lightweight, breathable, flattering, versatile","lightweight and versatile top, flattering on all body types."
Product,negative,"excited, disappointed, surprised, frustrated, annoyed","no lining in skirt, see-through mesh strips, misleading website picture"
Product,negative,"unsure, disappointed, confused, curious, undecided","dress swimming, size small, cross straps, bright coral/orange color"
Product,positive,"like, form fitting, comfortable, surprised, flattering",form fitting top with thick fabric and flattering criss-cross design.
Product,negative,"off, small, tight, exchange","sizing is off, clothes run small, need to exchange"
nan,nan,nan,nan
Product,positive,"love, comfortable, bargain","super soft fabric, great bargain"
Product,positive,"beautiful, fancy, casual, compliments, art","beautiful dress, versatile for different occasions, silky texture, true to picture."
Product,negative,"love, sensitive, itchy, returning","dress not fully lined, itchy fabric, may return"
Product,positive,"happy, loved, versatile, perfect, fall",versatile shirt for fall wardrobe
nan,nan,nan,nan
Product,positive,"cute, fit, color, big/loose, return","cute pants, fit and color like model picture, bit too big/loose, had to return"
Product,negative,"like, belly, camouflage, great, beautiful, hoping, staple, large, love","large size, beautiful embroidery, not enough love to order smaller size"
Product,negative,"warning, tight, barely, won't fit well, too bad, super cute, bit sheer","waist tight, won't fit well, super cute, bit sheer"
Product,positive,"satisfied, content, hopeful, patient, disappointed","thin fabric, good embroidery, wait for promo or sale"
Product,positive,"flattering, unique","unique design with see through holes, flattering fit"
Product,positive,"pretty, peachy, light, like, keep","true to size, pretty peachy color, like it"
Product,positive,"beautiful, great, love, flattering, loose, flowy, downside, long, flat, wish","beautiful dress, great color, flattering cut, downside is length"
Product,positive,"love, colorful, vibrant, perfect, good","colorful and vibrant shift dress, perfect with sandals or wedges."
Product,positive,"love, fabulous, impeccable, compliments, favorite","fabulous top, impeccable details, compliments all day long"
Product,negative,"small, boxy, quality, cute, recommend","skirt is short, small, and boxy, but good quality and cute"
Product,positive,"comfy, dressy, great, layer, ups and downs","go-to winter sweater for work, super comfy and dressy."
Product,positive,"love, comfortable, special touch","color, design, fabric, comfortable, special touch"
Product,positive,"comfortable, don't want to take it off, soft, lightweight","super comfortable summer dress, soft lightweight fabric"
Product,negative,"disappointment, frustration, dissatisfaction, surprise, annoyance","shirt lacks shape, print is beautiful but looks like maternity shirt"
Product,positive,"satisfied, content, excited, happy, pleased","staple basic dress, great shape, fits well, versatile for layering"
Product,positive,"wonderful, attractive, surprised, concerned, softer",attractive coat with light and stretchy boiled wool.
Product,negative,"dissatisfaction, frustration, disappointment, confusion, annoyance","pants run large, waste and length are too big"
Product,positive,"comfortable, soft","fits well, soft and comfortable"
Product,positive,"cute, unique, rough, loose, perfect","cute and unique top, fabric is substantial linen, straps are a little loose, perfect for summer"
Product,positive,"cute, love, beautiful, great, conscious","cute design, love the colors, great for conscious gals"
Product,positive,"great, wish, terrible, ideal, hoping","great top, longer length, tank, tuck or hang, considering return"
Product,positive,"love, yay, great, liked","minimal fuss, no ironing, pattern and material are great"
Product,positive,"pretty, love, wonderful, pick up","pretty color, breathable fabric, high neck, longer length, belt"
Product,negative,"itchy, cute, return","small size, itchy sweater, cute idea, return"
Product,positive,"flattering, nice, compliments, amazing, different","flattering fit for different body types, perfect for formal events"
Product,positive,"cool, figure flattering, accentuates curves, disguises tummy issues, well made, winner","well-made, figure-flattering top with perfect drape"
Product,negative,"soft, roomy, top, mid-section, flatter","fabric soft, roomy top and mid-section, doesn't flatter body"
Product,positive,"love, cool, fun, long, noticing","long off the shoulder tee, love the colors"
Product,negative,"liked, wonder, surprised, comfortable, better","stiff denim, small sizing, wait for sale"
Product,positive,"hesitant, bold, loved, glad, beautiful, unusual, flattering, slimming","beautiful dress, flattering cut, slimming design"
Product,negative,"loose, flattering, wider, nice feeling, comfortable","loose fitting top, not flattering, comfortable"
Product,positive,"great, nice, flattering, love, comfortable","great skirt for work, comfortable and flattering shape."
Product,positive,"love, wish, cute, airy","cute and airy top, wish it were longer"
Product,positive,"enjoy, beautifully made, delicate, love, imminent","beautifully made delicate blouse, love it, imminent apocalypse"
Product,positive,"love, funny, little, not, used","2 straps details, rounder boobs, cleavage, purple color"
Product,negative,"not flattering, bohemian, modern, edgy, problem","not flattering, bohemian look, modern bottoms, edgy shoes, washing problem"
Product,positive,"forgiving, great, illusion, fine, wish","dress is forgiving, gives illusion of waistline, looked great with black tights"
Product,positive,"loved, comfortable, vibrant, high, plan","high quality, vibrant color, comfortable fit, plan to wear"
Product,positive,"nostalgic, comfortable, flattering, interesting, different","retro-style denim skirt, comfortable fit, flattering waistline, interesting flare"
Product,positive,"comfy, love, big, shrunk, ordered","comfy, love, color"
Product,positive,"comfortable, redundant, right, comment, match","comfortable pants, accurate sizing, versatile color options"
Product,negative,"laughed, cracked up, ridiculous","comically wide sweater, looks like Jared from Subway's pre-weight-loss pants"
Product,positive,"snuggly, great, perfect, odd, works","long torso, long sleeves, pockets, perfect outfit"
Product,positive,pleased,"soft fabric, bright colors, swing style tank"
Product,negative,"disappointment, frustration, resignation, regret, satisfaction","small bust area, long torso, need alterations, suitable for small chested"
Product,positive,"adorable, flattering, look forward, warm","light fabric, flattering styling, transition piece, stays warm"
Product,positive,"love, pretty","small size fits perfectly, love the longer length, pretty colorful side panels."
Product,positive,"impressed, worried, loose, accentuated, soft","soft and luxurious material, fits well, accentuates waist."
Product,positive,"like, perfect, problem, longer, cozier","cardigan design and color are liked, but length is not as expected."
Product,negative,"soft, plush, odd, love, complaint","soft and plush blouse, but becomes less soft after washing"
Product,positive,"excited, satisfied, disappointed, happy, frustrated","pilcro denim jacket line, plaid details, weathered appearance, runs small"
Product,positive,"love, nice, stand out","nice tunic for everyday wear, tie-neck adds a nice detail"
Product,negative,"loved, thrilled, shame","clingy shirt after washing, disappointed with the quality."
Product,negative,"concern, love, liked, concern, strange","fabric quality concern, modern styling, irregular hemline"
Product,negative,"loved, sad, well made, neon","dress too big, smaller size out of stock"
Product,positive,"liked, nice, soft, well made, deal","jacket is nice, soft, well made, sleeves a little longer"
Product,positive,"comfortable, great, beautiful, interesting, attractive","comfortable, great fit, beautiful colors, interesting dress length"
Product,positive,"love, unique, perfect, good","amazing dress, fit, quality, design, perfect for dressing up or down"
Product,positive,"loved, wonderful, versatile","versatile chinos, can be dressed up or down."
Product,positive,"beautiful, flattering",beautiful flattering blouse
Product,negative,"adorable, cute, odd, lumpy, learning","material adorable, strange tie, runs short, no reviews, go up a"
Product,negative,"disappointment, frustration, regret, dissatisfaction, annoyance","shirt is see thru, had to return it"
Product,negative,"adored, sadly, sloppy, wrong, neat","construction issues with jumpsuit, mismatched pieces, sloppy and wrong placement."
Product,positive,"satisfied, happy, impressed, content, excited","beautiful dress, perfect fit, unique pattern, satisfied with purchase"
Product,negative,"disappointed, frustrated, surprised, confused, upset","shirt shrunk and got a hole after washing, disappointed with the product."
Product,positive,"disagree, pretty, pops","sizing runs small, pretty gold beading and embroidery thread."
Product,positive,"great, lovely, classy, creative, budget","good design, classy print, budget-friendly blouse"
Product,positive,"adorable, flattering, like, nicely, hope","adorable, flattering, fits nicely"
Product,negative,"dissatisfaction, disappointment, frustration, confusion, resignation","wide jacket, short arms, not suitable for me, might work for others."
Product,positive,"prettier, subtle, casual, pleats, airiness","dress is prettier in person, subtle animal print, casual work environment"
product,positive,"love, flattering, enjoy, nervous, worry","sweet little jacket, flattering cut, pop of color, fantastic buy"
Product,positive,"flattering, perfect, interest","lighter weight knit with flattering fit, adds more interest."
Product,positive,"flattering, elegant, comfortable, stretchy, staple","flattering and comfortable maxi dress, perfect for summer and traveling."
Product,positive,"beautiful, weirdly, high, model, high waisted","beautiful sweater, weirdly high on back, higher than model"
Product,positive,"good, deep, rich, flattering, nice","deep wine color, heavy silk-like fabric, flattering cut, nice fit"
Product,negative,"disappointment, frustration, dissatisfaction, annoyance, dissatisfaction","sizing issue, dress too tight, zipper placement inconvenient"
Product,positive,"great, flattering, soft, cling, overwhelming","good length, soft fabric, flattering fit"
Product,positive,"great, tough, classic, feminine","classic, feminine dress with a tough zipper."
Product,positive,"love, great, helps, warmer, colder","great fit, elastic waist, perfect for fall weather"
Product,positive,"love, great, quality, design, fits well","great quality and design, fits well"
nan,nan,nan,nan
Product,positive,"love, like, reservation, delicate","sweater fits well, long arms, delicate material"
Product,positive,"satisfied, happy, excited, pleased, impressed","beautiful top, runs a bit generous, pretty detail, steal addition to wardrobe"
Product,positive,"love, special, enthralled, better, rich","comfy top, pleated back, rich color, slightly better quality"
Product,positive,"need, flattering, misshapen, hunchback, good",dress is flattering but needs tailoring for misshapen back.
Product,negative,"surprised, wondering, appreciated, hate, quality control","missing rhinestones, no extra stones, need replacement, quality issue"
Product,positive,"pleased, beautiful, quality",dress color is beautiful and quality is good
Product,negative,"surprised, great, cannot believe, poor, love","poor quality, ripped dress, nude slip, surprised by color"
Product,positive,"love, great, soft, casual, comfortable",soft and comfortable rayon blend casual piece
Product,negative,"horrible, unbreathable, mess, big, billowy, cute, feel","polyester texture is horrible and unbreathable, runs big"
Product,positive,"satisfied, confident, content, happy, grateful","high quality leather jacket, room for thick sweaters."
Product,positive,"gorgeous, unique, beautiful, fits perfectly, love","unique and beautiful dress, fits perfectly"
Product,negative,"excited, sad, bothered, disappointed, surprised","muted colors, shapeless sweater, angora-like hair, disappointed with purchase."
Product,positive,"satisfied, happy, excited, content, pleased","authentic worn-in look, casual and relaxed chinos"
Product,positive,"beautiful, fit, true, size, recommend, long, need, hemmed, soft, feel, amazing","beautiful fit, true to size, soft and amazing"
Product,positive,"excitement, satisfaction, surprise, happiness, contentment","slimming, flattering, summery dress in white linen"
Product,positive,"love, snug, big","dress size 2 snug, boyfriend loves it"
Product,positive,"love, frumpy, returning, trying, great","cute shorts with great fabric, ran a bit large"
Product,negative,"disappointment, frustration, confusion","shapeless dress, weird fit, wrong size"
Product,positive,"compliments, perfect","jumpsuit received many compliments at wedding, perfect fit"
Product,negative,"tight, better, flattering, taller, thinner","shorts not flattering on petite, curvy frame"
Product,positive,"like, love, pretty, cute, great","short top, sheer material, pretty detailing, fits great"
Product,negative,"disappointment, frustration, dissatisfaction, regret, annoyance",top too big and too much fabric
Product,negative,"itchy, cool, stunning, argument, welcome","coat design, buttons popping off, stunning coat"
Product,positive,"comfortable, stylish, perfect, casual, cool",stylish and comfortable sweater for casual occasions
Product,positive,"sexy, love","true to size, love it"
nan,nan,nan,nan
Product,positive,"cute, love, compliments","cute top, tons of compliments"
Product,negative,"small, extra small, pretty, large chested, straight/thin","small sizing, not suitable for larger sizes"
Product,negative,"loved, odd, big, full, sloppy","odd cut, big in chest, full at bottom"
Product,positive,"casual, great, nicely, small, black",great for casual office
Product,positive,"love, hope, like, fine art, light weight","light weight flannel, hope they hold up well in cold water wash"
Product,positive,"love, nicely",sweater lays nicely
Product,positive,"great, better, faded, light, different, cute, nice, loose, cool, love","cute print, nice loose and cool top for summer"
Product,positive,"love, rarity, beautify, well made, sits well","well-made top, fits well, considering getting other colors"
Product,negative,"disappointment, dissatisfaction, frustration, regret, sadness","cheap and too large, returned it"
Product,positive,"cute, casual, worn, flip flops, boots","cute casual dress, worn with flip flops or boots"
Product,negative,"disappointment, unfortunate, nice, fitting, goes well","quality is disappointing, nice fitting shirt, goes well with pencil skirts"
Product,positive,"flattering, cool, breezy, graceful, made for me","flattering dress with graceful movement, perfect fit for me."
Product,positive,"glad, unsure, nicer, great, wear","fits true to size, extra soft, mid weight fabric, great with leggings or tights, wear into spring"
Product,negative,"loved, muted, low, unfortunately, return","colors muted, fabric quality low, return due to price and quality"
Product,positive,"wish, opportunity, eye-catching, unique, stars","summer wish, eye-catching and unique in person"
Product,positive,"love, easy, look, together","tank, easy, look, together"
Product,negative,"worst, shaggy, tent, short","bad shirt, needs improvement in design and fit."
Product,positive,"beautiful, delicate, flattering, perfect, sheer","beautiful, delicate dress with a perfect fit"
Product,positive,"amazing, nice, cool, love, highly recommend","amazing dress, highly recommend, best purchase from retailer"
Product,positive,"brilliant, nice, heavy, nice, great","blue top with nice color and pattern, great for jeans."
Product,positive,"love, pretty, great, weekends","coral color, lower cut on chest, great top for weekends"
Product,negative,"disappointment, dissatisfaction, uncertainty, ambivalence, annoyance","scratchy sweater, lighter grey color, runs big, not completely satisfied"
"Marketing, Sales",positive,"love, feminine, flattering","love top, feminine, flattering, 20% off"
Product,positive,"excited, satisfied, confident, impressed, enthusiastic","bright pink, runs large, highly recommend"
Product,positive,"unique, versatile, love","unique and versatile lace clothing, can be worn all year"
Product,positive,"love, thick, comfy, great, cheap","thick, comfy socks with great quality at a cheap price."
Product,positive,"excited, satisfied, happy, pleased, content","oversized poncho with pockets, perfect for layering, versatile styling options."
Product,positive,"happy, complimentary","amazing dress, complimentary cut, happy"
Product,positive,"attracted, nicely, striking, able, don't hang out","colors attracted, back striking, regular bra able to wear"
Product,positive,"love, cute",perfect top for fall days with a cute leather jacket
Product,negative,"disappointed, tight, too much fabric, wrong, no luck","tight across chest, too much fabric around bottom"
Product,positive,"love, great, cute, soft","cute shirt, soft, great fit, versatile"
Product,positive,"cuteness, amazing, darling, precious, comfortable","amazing print, darling bow, comfortable structure, worth the splurge"
Product,negative,"flattering, thin, semi-sheer, great, lounging, beach, comfy","thin material, semi-sheer, great for lounging and beach"
Product,positive,"versatile, appropriate, like, put together, good","good quality, versatile top for office and going out."
Product,positive,"happy, soft, comfortable, nice, concern","soft, comfortable sweater with a nice shimmer, slight concern about stretching."
Product,negative,"love, unflattering, compromise, returned, gorgeous","unflattering fit, returned both sizes, gorgeous fabric"
Product,negative,"disappointment, love, frustration, dissatisfaction, desperation","thin fabric, see through, love the design, need a black top"
Product,positive,"high quality, not very soft, may soften in the wash, fit is okay","high quality top, material may soften in wash, fit is okay"
Product,negative,"short, return","fabric soft, stride short, had to return"
Product,negative,"small, off, guessing, good, nice","sizing can be off with different colors, nice shorts for the price."
Product,negative,"love, badly, lovely, per","top gapped, return dress, lovely weight, length per"
Product,positive,"love, beautiful, fit, tight, great","wide leg pants, beautiful fit, recommend tailoring length"
Product,positive,"happy, loved, no problems, happy","blouse in black has odd fit, but blue blouse is looser and no problems with lace."
"Marketing, Sales",positive,"love, compliments, sexy, touch, care","sale, compliments, sexy tunic, tank underneath"
Product,positive,"successful, loves, amazing, vibrant, unique","vibrant colors, unique texture, highly recommended"
Product,positive,"happy, surprised, comfortable, glad","stretchy fabric, stunning dress, comfortable"
Product,positive,"love, comfortable, ridiculous, helped, rid of","comfortable shorts, run large, need shrinking, good fabric"
Product,negative,"frustration, disappointment, uncertainty, curiosity, hope","sizing issue with dress, need to order a larger size"
Product,positive,"love, wow, beautiful, pretty, well made","beautiful colors, light flannel, perfect fit, well made"
Product,positive,"manage, cute, vibrant, rust, like","cute top, colors not as vibrant as pictured"
Product,negative,"disappointment, dissatisfaction, frustration, regret, dislike","fabric pilling, cheap look, sleeves design, sizing issue"
Product,negative,"love, disappointed, annoyed, frustrated, regret","dress quality and fit issues, disappointing ruffle feature"
Product,negative,"disappointment, dissatisfaction, frustration, confusion, surprise","lace top, loose sleeves, boxy cut, shorter than expected, not tunic length"
Product,positive,"perfect, soft, flattering, long, ordered","perfect dressy jeans, super soft, flattering, long leg"
nan,nan,nan,nan
Product,positive,"like, nice, good, fits","pink top, light material, nice drape, good length, fits well"
Product,positive,"surprise, disappointment, satisfaction, confusion, anticipation","soft, casual sweater, not snowy white, dolman style, fitted bottom"
Product,negative,"uncomfortable, disappointed, frustrated, dissatisfied, annoyed","uncomfortable arm cuts, had to pass on the dress."
Product,positive,"soft, comfy, great, go to, love","soft, comfy pants, great for summer, love them"
Product,positive,"love, nice, perfect, thank you","nice fabric, petite size, perfect fit"
Product,positive,"like, sexy, nice, soft, thick","lace-up trend, revealing designs, soft and thick fabric"
Product,positive,"comfortable, good","good quality, comfortable fit"
Product,positive,"stunning, love, feel, drape","turquoise print stunning, love fabric feel, drape"
Product,negative,"love, cute, sloppy, extra money, frayed","dress hem needs to be fixed, looks sloppy on the bottom."
Product,positive,"love, complaint, frustration, satisfaction, surprise","stretchy jeans, slight shape loss, pills in inner thigh area"
Product,positive,"love, perfect, extra, festive","perfect fit, extra room, festive season"
Product,positive,"well made, comfy, flattering, risky, sure","well made, comfy and flattering dress, suede skirt is risky"
Product,negative,"love, smooth, adjust, frequently, nice","sweater fit issue, need frequent adjustment, nice weight"
Product,negative,"disappointment, regret, frustration, dissatisfaction, surprise","dress has no shape, material is poofy and feels cheap"
Product,negative,"disappointment, sadness, frustration, dissatisfaction, unflattering","short and wide shirt, disappointing style, beautiful fabric, unflattering fit."
Product,positive,"perfect, winner, available","perfect blouse, winner, other colors available"
Product,positive,"amazing, flattering, beautiful, love, recommend","amazing dress, true to size, highly recommended"
Product,positive,"pleased, comfortable, lovely, glad","soft fabric, detailed jumpsuit, small size fits perfectly"
Product,positive,"love, comfortable, cute, nice, love","flowy-beachy jumpsuit, comfortable, cute, wide hip, nice colors"
Product,positive,"confusion, satisfaction, surprise, disappointment, curiosity","true-to-size dress, fits well, confusion about length compared to model's info."
Product,positive,"pretty, vibrant, beautiful, hides, low, red, compliments","pretty dress, vibrant colors, hides tummy, low neckline, red cami, compliments"
Product,positive,"cute, shorter, smaller, perfect","suit is cute, slightly short for taller girls, fits well"
Product,negative,"disappointment, frustration, sadness, regret, dissatisfaction","tight fit, lightweight fabric, not suitable for chilly office setting"
Product,positive,"love, surprised","flattering jeans, easy to customize, high-waisted, suitable for short torso"
Product,negative,"recommend, like, work, need, kept, hearing, looked, stuck, nice, idea","pull-on style didn't work, not elastic enough, looked puffy, not for me"
Product,positive,"love, complimented, beautiful, trendy, classy","trendy and classy jacket, perfect for day to night."
Product,negative,"disappointment, dissatisfaction, frustration, regret, sadness","shirt fit off, fabric wrinkles easily, see through in white"
Product,positive,"fabulous, gorgeous, practical, true to size, flattering, darling","fabulous dress, embroidery, long sleeves, true to size, flattering"
Product,positive,"great, perfect, warmth","fit great, size medium, black tank/cami for warmth"
Product,positive,"love, comfortable, soft","soft and comfortable gown, perfect for sleeping"
Product,positive,"love, cute, great, recommend","cute shirt, perfect size, great for holiday season"
Product,positive,"funky, classic, excellent, heavy, warm",versatile and lightweight jacket for various occasions
Product,positive,"flattering, excited, great, sheer, unsure","flattering dress, needs camisole, unsure about keeping it."
Product,negative,"dissatisfaction, disappointment, frustration, annoyance, concern","loose leg opening, pockets sticking out, pear shape widening"
Product,positive,"loved, understand, great, didn't hang well, too short","clothing design, sizing accuracy, hang well, short at shoulders"
Product,positive,"winner, short waisted, cropped fit, fitted shirt, tried","white shirt winner, cropped fit, fitted shirt, tried"
Product,positive,"soft, recommend, shrink, see through, return","soft tanks, recommend, shrink in wash, see through, return"
Product,negative,"disappointment, dissatisfaction, frustration, indifference, regret","shirt material not soft, returned"
nan,nan,nan,nan
Product,positive,"comfortable, cute, perfect, fits perfectly","perfect sweatshirt, comfortable and cute"
Product,positive,"love, comfortable, beautiful, can't recall, new","perfect dress for dinner date or summer weddings, comfortable and beautiful."
Product,positive,"pretty, fits perfectly","clothing design, sizing accuracy"
Product,negative,"disappointment, frustration, satisfaction, relief, surprise","small chest size, exchanged for size 6, flaws disappear, comfortable"
Marketing,positive,"happy, satisfied","received compliments, favorite"
Product,negative,"worried, glad, fitted, need to try again","tight fit, need to try next size up"
Product,negative,sad,"weird fit, sad it didn't work"
Product,negative,"like, lovely, intense, bad, too short, too long, attractive","jacket design and color are good, but sizing is off"
Product,negative,"laughing, cute, wrong, huge",wrong material and placement
Product,positive,"vibrant, beautiful, soft","green sweater is vibrant, beautiful, and soft."
Product,positive,"comfortable, soft, wish, bought, colour","soft and comfortable, wish bought other colour"
nan,nan,nan,nan
Product,positive,"love, valuable, mistake, faves, oversized","soft material, valuable lesson, oversized look"
Product,negative,disappointed,"top disintegrated after two washes, disappointed with quality."
Product,positive,"skeptical, sold, soft, unique, gorgeous","soft and unique sweater, gorgeous purple color, fits a bit big"
Product,negative,"dissatisfaction, frustration, disappointment, annoyance, inconvenience","sizing issue, need to return"
Product,positive,"great, soft, wearing, time, workout","great and soft inside, wearing it around my house"
Product,positive,"cute, like, recommend, perfect","soft, light sweater, cute design, perfect sizing"
Product,positive,"fan, great, wearable, carefree, voluminous","tracy reese dress, works of art, great quality, wearable, carefree look"
Product,positive,"loved, worth it, happy",romper worth it for quality and style
Product,negative,"frumpy, not flattering, cheap, wow","dress not flattering, cheap fabric, other options available"
Product,positive,"love, cute, great, style, cooler","dress fits great, cute in person, style with accessories"
Product,negative,"disappointment, dissatisfaction, acceptance, contentment, neutrality","silk camisoles, black looks like polyester, white is cream/ivory, fit is good"
Product,positive,"love, beautiful, shimmery, fine","beautiful flowy material, runs a bit large, shimmery detail"
Product,positive,delighted,"medium size fits perfectly, delighted to add to wardrobe"
Product,positive,"surprised, adorable, timeless, flattering, modern",form fitting and flattering top with a timeless plaid design.
nan,nan,nan,nan
Product,positive,"stunning, love, great, perfect, beware","stunning top, great buy on sale, fits perfect, beware of flair"
Product,negative,"disappointment, dissatisfaction, dislike, regret, frustration","oversized tee, unflattering color, returned due to size and color"
Product,positive,"love, flattering, great, classy, hot","dress runs big and long, flattering, classy, hot"
Product,positive,"love, glad, versatile, cozy, bulky","soft and cozy vest, versatile color, not bulky, perfect fit"
Product,negative,"adorable, soft, wish, unfortunately, snug","jeans too snug, wish they fit"
Product,positive,"pleasure, love, ocd thing, prefer, sexiness","middle bow, higher than neckline, pleasing look"
Product,positive,"awesome, complements, comfortable, amazing, look","super comfortable, amazing look, rare combo"
nan,nan,nan,nan
Product,positive,"cute, pretty, good, fit","waist is a little big, overall pretty good fit"
Product,positive,"surprised, cute, fitting, sexy, comfy","cute, fitted dress, can be dressed up for work"
nan,nan,nan,nan
Product,negative,"warm, big, huge, ginormous, kept","dress is warm but too big, kept the extra small."
Product,positive,"loved, feel, great","material, feel, run large, loungewear, top, skinny jeans, leggings"
Product,positive,"like, love, pretty","light, airy, flowy, pretty"
Product,positive,"beautiful, amazing, perfect, better, added bonus, recommend","amazing dress, beautiful colors, perfect for fall"
Product,positive,"beautiful, flattering, well-fitted, perfect, plan","beautiful detail, flattering, well-fitted, perfect for a wedding."
Product,positive,"happy, satisfied","new favorite top, looks and fits as described"
Product,positive,"satisfied, impressed, relieved, content, happy","good quality leggings, not see-through, nice ankle detail"
Product,positive,"wonderful, nicely, popular, understood, high rating","fits nicely, popular tee, high rating"
Product,positive,"love, sweet, beautiful, perfect, little","sweet and beautiful top, perfect for dressing up"
Product,positive,"love, issue, shorter, rubs","well-made top, shorter length, neckline rubbing"
Product,positive,"fan, great, true, stretch, maintain","true to size, great fit, all day"
Product,positive,"comfortable, relaxed, perfect, solved, compliments",comfortable and flattering pants for different body types.
Product,negative,"disappointed, frustrated, dissatisfied, annoyed, irritated","stiff and boxy dress, awkward fit for petite person"
Product,positive,"relaxed, soft, fit well, room","soft, relaxed fit jeans, size 25 fits well with room"
Product,positive,"love, classy, flattering, beautiful, comfy","pants make you look and feel classy, flattering and beautiful outfit"
Product,negative,disappointed,"medium petite waist size measured at approximately 26"""
Product,positive,"flattering, disappointed, garish, unflattering, bummer","navy shirt fits perfectly, other colors are disappointing"
Product,negative,"love, large, fabric, return","large fabric, return"
Product,positive,"beautiful, comfortable, recommend","beautiful, comfortable dress, highly recommend"
Product,positive,"satisfied, comfortable, pleased, happy, content","fits perfectly, forgiving sleeves, beautiful neutral color"
Product,positive,"flattering, lovely, nice, soft, beautiful","flattering tank top, solid navy blue chiffon, soft fabric, drapes beautifully"
Product,positive,"great, love, classic, pizzazz, excellent","classic looking shirt with a little pizzazz, excellent quality"
Product,positive,"perfect, great, flattering","dress is perfect for any occasion, looks great with every shoe"
Product,positive,"love, comfy","comfy sweater, versatile"
